Enzyme,Site,DamDcm,GG
ApaI,GGGCCC,TRUE,FALSE
ApaLI,GTGCAC,FALSE,FALSE
BamHI,GGATCC,FALSE,FALSE
BanI,GGYRCC,TRUE,FALSE
BsaI,GGTCTC,TRUE,TRUE
BsmBI,CGTCTC,FALSE,TRUE
BsoBI,CYCGRG,FALSE,FALSE
DraI,TTTAAA,FALSE,FALSE
EcoRI,GAATTC,FALSE,FALSE
EcoRV,GATATC,FALSE,FALSE
HindIII,AAGCTT,FALSE,FALSE
KpnI,GGTACC,FALSE,FALSE
NcoI,CCATGG,FALSE,FALSE
NdeI,CATATG,FALSE,FALSE
NheI,GCTAGC,FALSE,FALSE
PstI,CTGCAG,FALSE,FALSE
PvuII,CAGCTG,FALSE,FALSE
SacII,CCGCGG,FALSE,FALSE
SapI,GCTCTTC,FALSE,TRUE
XbaI,TCTAGA,TRUE,FALSE
XhoI,CTCGAG,FALSE,FALSE
